rams_presto_salestran.rpt_deviceid,rams_presto_salestran.rpt_salesperiod,rams_presto_salestran.rpt_first_datetime,rams_presto_salestran.rpt_tran_number,rams_presto_salestran.rpt_tran_datetime,rams_presto_salestran.rpt_trx_type,rams_presto_salestran.rpt_ops_tsn,rams_presto_salestran.rpt_presto_location,rams_presto_salestran.rpt_device_location,rams_presto_salestran.rpt_location,rams_presto_salestran.rpt_purchase_id,rams_presto_salestran.rpt_amount,rams_presto_salestran.rpt_debitcredit,rams_presto_salestran.rpt_revenue,rams_presto_salestran.rpt_farecard,rams_presto_salestran.rpt_status,rams_presto_salestran.rpt_dat_filename,rams_presto_salestran.rpt_batchno,rams_presto_salestran.rpt_trans_type,rams_presto_salestran.rpt_pop_tcode,rams_presto_salestran.rpt_device_type,rams_presto_salestran.rpt_or_presto_loc,rams_presto_salestran.rpt_or_location,rams_presto_salestran.rpt_de_presto_loc,rams_presto_salestran.rpt_de_location,rams_presto_salestran.rpt_presto_trip,rams_presto_salestran.rpt_tripnumber,rams_presto_salestran.rpt_underpayment,rams_presto_salestran.rpt_trans_id,rams_presto_salestran.rpt_overdraft,rams_presto_salestran.rpt_line_id,rams_presto_salestran.rpt_vehicle_id,rams_presto_salestran.rpt_settlement_id,rams_presto_salestran.rpt_settlement_date,rams_presto_salestran.rpt_operation_tsn,rams_presto_salestran.rpt_pur_category,rams_presto_salestran.rpt_farecard_tsn,rams_presto_salestran.rpt_purchase_class,rams_presto_salestran.rpt_purchase_type,rams_presto_salestran.rpt_employeeid,rams_presto_salestran.rpt_ticket_ref,rams_presto_salestran.rpt_underpay_fee,rams_presto_salestran.rpt_voucherid_amt,rams_presto_salestran.rpt_voucherid_fr,rams_presto_salestran.rpt_settlement_status,rams_presto_salestran.rpt_logical_name
1117297,162,2017-01-10 00:00:00.0,1,2017-01-10 07:06:00.0,1,673,4020,0,0,0,20.0,DB,Y,4288149,0,20170112_GOT_SALES_NEW.CSV,DCS170112073852,PEL,NULL,DCS,0,NULL,0,NULL,2793155,46081-2,0.0,2936586443,0.0,46,270,201701110133,2017-01-11 15:02:11.0,673,NULL,399,0,0,07762,0,0,S01CLR000502153,S01CLR000502173,SENT,DCS_02840
1117824,188,2017-01-10 00:00:00.0,9,2017-01-10 07:11:00.0,13,821,4083,0,0,16778753,7.25,DB,Y,0,0,20170111_GOT_SALES_NEW.CSV,DCS170112073852,PTI,NULL,DCS,3107,83,2606,81,2790016,12240-2,0.0,2936403532,0.0,12,716,201701110138,NULL,821,1,0,0,0,07891,2769,0,NULL,NULL,NULL,DCS_01882
1117151,195,2017-01-10 00:00:00.0,1,2017-01-10 18:12:00.0,13,484,4018,0,0,16778753,12.1000003815,DB,Y,0,0,20170111_GOT_SALES_NEW.CSV,DCS170112073852,PTI,NULL,DCS,341,18,252,02,2790453,16760-2,0.0,2937022567,0.0,16,292,201701110138,NULL,484,1,0,0,0,07676,16443,0,NULL,NULL,NULL,DCS_02862
1117090,17,2017-01-10 00:00:00.0,1,2017-01-10 13:20:00.0,1,3994,4060,0,0,0,20.0,DB,Y,3032366,0,20170112_GOT_SALES_NEW.CSV,DCS170112073852,PEL,NULL,DCS,0,NULL,0,NULL,2792389,32321-2,0.0,2936588545,0.0,32,408,201701110133,2017-01-11 15:02:11.0,3994,NULL,1484,0,0,07610,0,0,S01CLR000502153,S01CLR000502173,SENT,DCS_02978
1116941,200,2017-01-10 00:00:00.0,5,2017-01-10 13:39:00.0,13,3266,4083,0,0,16778753,9.94999980927,DB,Y,0,0,20170111_GOT_SALES_NEW.CSV,DCS170112073852,PTI,NULL,DCS,3107,83,137,80,2790055,12490-2,0.0,2937090444,0.0,12,724,201701110138,NULL,3266,1,0,0,0,07916,8391,0,NULL,NULL,NULL,DCS_01928
1116980,221,2017-01-09 00:00:00.0,5,2017-01-09 13:17:00.0,1,486,4021,0,0,0,20.0,DB,Y,4788183,0,20170112_GOT_SALES_NEW.CSV,DCS170112073852,PEL,NULL,DCS,0,NULL,0,NULL,2793358,47440-2,0.0,2937138768,0.0,47,298,201701110063,2017-01-11 15:02:29.0,486,NULL,164,0,0,08361,0,0,S01CLR000502034,S01CLR000502040,SENT,DCS_02868
1117111,225,2017-01-10 00:00:00.0,9,2017-01-10 07:00:00.0,13,3474,359,0,0,16785928,0.0,DB,Y,0,0,20170111_GOT_SALES_NEW.CSV,DCS170112073852,PTI,NULL,DCS,359,94,601,97,2794884,90220-2,0.0,2936303582,0.0,90,429,201701110138,NULL,3472,1,0,0,0,08565,19932,0,NULL,NULL,NULL,DCS_02999
1116801,41,2017-01-10 00:00:00.0,2,2017-01-10 16:30:00.0,1,755,342,0,0,0,10.0,DB,Y,2190251,0,20170112_GOT_SALES_NEW.CSV,DCS170112073852,PEL,NULL,DCS,0,NULL,0,NULL,2795227,92543-2,0.0,2936885971,0.0,92,497,201701110133,2017-01-11 15:02:11.0,755,NULL,1839,0,0,08335,0,0,S01CLR000502153,S01CLR000502173,SENT,DCS_01157
1116977,11,2017-01-10 00:00:00.0,1,2017-01-10 16:12:00.0,13,3307,359,0,0,16785928,0.0,DB,Y,0,0,20170111_GOT_SALES_NEW.CSV,DCS170112073852,PTI,NULL,DCS,359,94,601,97,2794972,90680-2,0.0,2936890002,0.0,90,295,201701110138,NULL,3307,1,0,0,0,07984,13808,0,NULL,NULL,NULL,DCS_02865
1116990,143,2017-01-10 00:00:00.0,9,2017-01-10 06:58:00.0,13,3370,1191,0,0,16778753,8.05000019073,DB,Y,0,0,20170111_GOT_SALES_NEW.CSV,DCS170112073852,PTI,NULL,DCS,1191,22,211,05,2792428,33110-2,0.0,2936517415,0.0,33,596,201701110138,NULL,3370,1,0,0,0,02269,19257,0,NULL,NULL,NULL,DCS_01654
1117084,15,2017-01-09 00:00:00.0,2,2017-01-09 18:23:00.0,1,2017,1191,0,0,0,20.0,DB,Y,4140054,0,20170112_GOT_SALES_NEW.CSV,DCS170112073852,PEL,NULL,DCS,0,NULL,0,NULL,2792469,33670-2,0.0,2937137812,0.0,33,402,201701110063,2017-01-11 15:02:29.0,2017,NULL,423,0,0,08440,0,0,S01CLR000502034,S01CLR000502040,SENT,DCS_02972
1116963,17,2017-01-10 00:00:00.0,1,2017-01-10 11:36:00.0,1,3072,2093,0,0,0,20.0,DB,Y,4336019,0,20170112_GOT_SALES_NEW.CSV,DCS170112073852,PEL,NULL,DCS,0,NULL,0,NULL,2795164,92330-2,0.0,2936882561,0.0,92,281,201701110133,2017-01-11 15:02:11.0,3072,NULL,1430,0,0,07667,0,0,S01CLR000502153,S01CLR000502173,SENT,DCS_02851
1117137,102,2017-01-10 00:00:00.0,4,2017-01-10 08:14:00.0,1,1468,4020,0,0,0,10.0,DB,Y,4803966,0,20170112_GOT_SALES_NEW.CSV,DCS170112073852,PEL,NULL,DCS,0,NULL,0,NULL,2793160,46141-2,0.0,2936513746,0.0,46,803,201701110133,2017-01-11 15:02:11.0,1468,NULL,120,0,0,07859,0,0,S01CLR000502153,S01CLR000502173,SENT,DCS_03025
1116979,46,2017-01-10 00:00:00.0,1,2017-01-10 06:43:00.0,1,181,2910,0,0,0,20.0,DB,Y,4892688,0,20170112_GOT_SALES_NEW.CSV,DCS170112073852,PEL,NULL,DCS,0,NULL,0,NULL,2795105,92110-2,0.0,2936591539,0.0,92,297,201701110133,2017-01-11 15:02:11.0,181,NULL,115,0,0,08564,0,0,S01CLR000502153,S01CLR000502173,SENT,DCS_02867
1116905,52,2017-01-10 00:00:00.0,6,2017-01-10 11:36:00.0,13,563,2911,0,0,16785928,0.0,DB,Y,0,0,20170111_GOT_SALES_NEW.CSV,DCS170112073852,PTI,NULL,DCS,3522,96,506,96,2794890,90241-2,0.0,2936597640,0.0,90,583,201701110138,NULL,560,1,0,0,0,07571,19304,0,NULL,NULL,NULL,DCS_01646
1117001,97,2017-01-05 00:00:00.0,7,2017-01-05 07:07:00.0,13,752,2817,0,0,16778753,9.14999961853,DB,Y,0,0,20170111_GOT_SALES_NEW.CSV,DCS170112073852,PTI,NULL,DCS,2817,85,510,18,2790156,15290-2,0.0,2936404369,0.0,15,312,201701110339,NULL,752,1,0,0,0,07551,14797,0,NULL,NULL,NULL,DCS_02882
1116847,195,2017-01-10 00:00:00.0,5,2017-01-10 16:26:00.0,1,585,4089,0,0,0,20.0,DB,Y,4941939,0,20170112_GOT_SALES_NEW.CSV,DCS170112073852,PEL,NULL,DCS,0,NULL,0,NULL,2793743,51710-2,0.0,2936880767,0.0,51,942,201701110133,2017-01-11 15:02:11.0,585,NULL,9,0,0,08404,0,0,S01CLR000502153,S01CLR000502173,SENT,DCS_01522
1116854,89,2017-01-10 00:00:00.0,1,2017-01-10 06:05:00.0,13,1629,4026,0,0,16778753,14.0,DB,Y,0,0,20170111_GOT_SALES_NEW.CSV,DCS170112073852,PTI,NULL,DCS,2384,NULL,332,209,2791580,25140-2,0.0,2937022179,0.0,25,949,201701110138,NULL,1629,1,0,0,0,08509,22039,0,NULL,NULL,NULL,DCS_01525
1117017,148,2017-01-10 00:00:00.0,1,2017-01-10 17:31:00.0,13,777,219,0,0,16778753,5.59999990463,DB,Y,0,0,20170111_GOT_SALES_NEW.CSV,DCS170112073852,PTI,NULL,DCS,219,05,34,613,2794281,66601-2,0.0,2936893422,0.0,66,560,201701110138,NULL,777,1,0,0,0,16576,8662,0,NULL,NULL,NULL,DCS_01591
1116928,85,2017-01-10 00:00:00.0,7,2017-01-10 11:15:00.0,13,754,551,0,0,16778753,11.8500003815,DB,Y,0,0,20170111_GOT_SALES_NEW.CSV,DCS170112073852,PTI,NULL,DCS,551,80,169,849,2790027,12311-2,0.0,2936517998,0.0,12,203,201701110138,NULL,754,1,0,0,0,16501,7538,0,NULL,NULL,NULL,DCS_01937
1116986,221,2017-01-10 00:00:00.0,2,2017-01-10 11:53:00.0,1,2038,4021,0,0,0,10.0,DB,Y,4768373,0,20170112_GOT_SALES_NEW.CSV,DCS170112073852,PEL,NULL,DCS,0,NULL,0,NULL,2793091,45380-2,0.0,2936590355,0.0,45,304,201701110133,2017-01-11 15:02:11.0,2038,NULL,217,0,0,08499,0,0,S01CLR000502153,S01CLR000502173,SENT,DCS_02874
1116711,237,2017-01-10 00:00:00.0,24,2017-01-10 08:17:00.0,13,3613,2911,0,0,16785928,0.0,DB,Y,0,0,20170111_GOT_SALES_NEW.CSV,DCS170112073852,PTI,NULL,DCS,3522,96,359,94,2794866,90131-2,0.0,2936303915,0.0,90,597,201701110138,NULL,3613,1,0,0,0,08364,23256,0,NULL,NULL,NULL,DCS_01655
1117001,116,2017-01-10 00:00:00.0,4,2017-01-10 06:20:00.0,13,1689,2817,0,0,16779778,31.8999996185,DB,Y,0,0,20170111_GOT_SALES_NEW.CSV,DCS170112073852,PTI,NULL,DCS,2817,85,55,021,2790148,15220-2,0.0,2936403810,0.0,15,312,201701110138,NULL,1689,1,0,0,0,07126,14941,0,NULL,NULL,NULL,DCS_02882
1116998,186,2017-01-09 00:00:00.0,4,2017-01-09 16:47:00.0,1,3017,4007,0,0,0,7.30000019073,DB,Y,4572822,0,20170112_GOT_SALES_NEW.CSV,DCS170112073852,PEL,NULL,DCS,0,NULL,0,NULL,2795233,92561-2,0.0,2937141226,0.0,92,316,201701110063,2017-01-11 15:02:29.0,3016,NULL,60,0,0,07776,0,0,S01CLR000502034,S01CLR000502040,SENT,DCS_02886
1117824,188,2017-01-10 00:00:00.0,13,2017-01-10 08:04:00.0,13,842,551,0,0,16778753,6.5,DB,Y,0,0,20170111_GOT_SALES_NEW.CSV,DCS170112073852,PTI,NULL,DCS,551,80,339,16,2790016,12240-2,0.0,2936403726,0.0,12,716,201701110138,NULL,842,1,0,0,0,07891,2773,0,NULL,NULL,NULL,DCS_01882
1176203,199,2017-01-10 00:00:00.0,1,2017-01-10 07:38:00.0,13,3833,551,0,0,16783878,9.94999980927,DB,Y,0,0,20170111_GOT_SALES_NEW.CSV,DCS170112073852,PTI,NULL,DCS,551,80,2602,83,2790006,12141-2,0.0,2936517259,0.0,12,708,201701110138,NULL,3833,1,0,0,0,07516,3344,0,NULL,NULL,NULL,DCS_01874
1116914,227,2017-01-10 00:00:00.0,1,2017-01-10 09:59:00.0,13,1198,213,0,0,16778753,7.84999990463,DB,Y,0,0,20170111_GOT_SALES_NEW.CSV,DCS170112073852,PTI,NULL,DCS,213,05,3414,20,2792533,34281-2,0.0,2936517989,0.0,34,586,201701110138,NULL,1198,1,0,0,0,07400,17608,0,NULL,NULL,NULL,DCS_01642
1116965,243,2017-01-10 00:00:00.0,7,2017-01-10 10:14:00.0,13,3346,2911,0,0,16785928,0.0,DB,Y,0,0,20170111_GOT_SALES_NEW.CSV,DCS170112073852,PTI,NULL,DCS,3522,96,359,94,2794878,90191-2,0.0,2936518066,0.0,90,493,201701110138,NULL,3346,1,0,0,0,02518,16929,0,NULL,NULL,NULL,DCS_01153
1117520,162,2017-01-10 00:00:00.0,5,2017-01-10 08:12:00.0,13,841,4043,0,0,16783878,8.0,DB,Y,0,0,20170111_GOT_SALES_NEW.CSV,DCS170112073852,PTI,NULL,DCS,457,43,421,33,2792863,37270-2,0.0,2936303591,0.0,37,318,201701110138,NULL,841,1,0,0,0,08801,17883,0,NULL,NULL,NULL,DCS_02888
1116995,132,2017-01-09 00:00:00.0,7,2017-01-09 13:10:00.0,1,1969,3946,0,0,0,20.0,DB,Y,4732260,0,20170112_GOT_SALES_NEW.CSV,DCS170112073852,PEL,NULL,DCS,0,NULL,0,NULL,2792551,34401-2,0.0,2937151529,0.0,34,313,201701110063,2017-01-11 15:02:29.0,1969,NULL,275,0,0,07819,0,0,S01CLR000502034,S01CLR000502040,SENT,DCS_02883
1116977,10,2017-01-10 00:00:00.0,11,2017-01-10 15:12:00.0,13,3270,2911,0,0,16785928,0.0,DB,Y,0,0,20170111_GOT_SALES_NEW.CSV,DCS170112073852,PTI,NULL,DCS,3522,96,359,94,2794923,90441-2,0.0,2936888272,0.0,90,295,201701110138,NULL,3269,1,0,0,0,07984,13795,0,NULL,NULL,NULL,DCS_02865
1117145,47,2017-01-10 00:00:00.0,1,2017-01-10 10:07:00.0,1,2333,229,0,0,0,17.25,DB,Y,4297739,0,20170112_GOT_SALES_NEW.CSV,DCS170112073852,PEL,NULL,DCS,0,NULL,0,NULL,2793580,48292-2,0.0,2936513787,0.0,48,811,201701110133,2017-01-11 15:02:11.0,2332,NULL,443,0,0,08772,0,0,S01CLR000502153,S01CLR000502173,SENT,DCS_03033
1117001,104,2017-01-06 00:00:00.0,3,2017-01-06 19:51:00.0,13,1274,2817,0,0,16778753,16.4500007629,DB,Y,0,0,20170111_GOT_SALES_NEW.CSV,DCS170112073852,PTI,NULL,DCS,2817,85,1525,22,2790224,15840-2,0.0,2936404557,0.0,15,312,201701110346,NULL,1274,1,0,0,0,16330,14855,0,NULL,NULL,NULL,DCS_02882
1117411,101,2017-01-10 00:00:00.0,2,2017-01-10 13:34:00.0,13,79,4090,0,0,16778753,6.80000019073,DB,Y,0,0,20170111_GOT_SALES_NEW.CSV,DCS170112073852,PTI,NULL,DCS,3531,90,219,05,2795182,92390-2,0.0,2937022607,0.0,92,467,201701110138,NULL,79,1,0,0,0,08211,18510,0,NULL,NULL,NULL,DCS_01138
1117720,234,2017-01-10 00:00:00.0,2,2017-01-10 13:04:00.0,1,1419,4091,0,0,0,9.5,DB,Y,4884908,0,20170112_GOT_SALES_NEW.CSV,DCS170112073852,PEL,NULL,DCS,0,NULL,0,NULL,2793725,51570-2,0.0,2936589520,0.0,51,925,201701110133,2017-01-11 15:02:11.0,1418,NULL,35,0,0,07331,0,0,S01CLR000502153,S01CLR000502173,SENT,DCS_01332
1176199,227,2017-01-10 00:00:00.0,1,2017-01-10 12:10:00.0,13,1163,229,0,0,16778753,6.75,DB,Y,0,0,20170111_GOT_SALES_NEW.CSV,DCS170112073852,PTI,NULL,DCS,229,19,344,89,2793685,51321-2,0.0,2937090820,0.0,51,611,201701110138,NULL,1163,1,0,0,0,07048,17256,0,NULL,NULL,NULL,DCS_01728
1116779,28,2017-01-10 00:00:00.0,2,2017-01-10 12:44:00.0,13,2297,511,0,0,16778753,12.1499996185,DB,Y,0,0,20170111_GOT_SALES_NEW.CSV,DCS170112073852,PTI,NULL,DCS,511,31,341,18,2792952,40371-2,0.0,2937091572,0.0,40,479,201701110138,NULL,2297,1,0,0,0,08237,18249,0,NULL,NULL,NULL,DCS_02667
1117108,3,2017-01-10 00:00:00.0,4,2017-01-10 10:05:00.0,13,1720,552,0,0,16782853,5.09999990463,DB,Y,0,0,20170111_GOT_SALES_NEW.CSV,DCS170112073852,PTI,NULL,DCS,552,74,252,02,2794526,71320-2,0.0,2936518202,0.0,71,547,201701110138,NULL,1720,1,0,0,0,08312,19878,0,NULL,NULL,NULL,DCS_01430
1122491,101,2017-01-10 00:00:00.0,2,2017-01-10 08:23:00.0,13,1154,2347,0,0,16779778,30.2999992371,DB,Y,0,0,20170111_GOT_SALES_NEW.CSV,DCS170112073852,PTI,NULL,DCS,2347,27,332,209,2791599,25290-2,0.0,2936740944,0.0,25,990,201701110138,NULL,1153,1,0,0,0,08718,16054,0,NULL,NULL,NULL,DCS_01571
1116886,237,2017-01-10 00:00:00.0,17,2017-01-10 17:57:00.0,13,4073,2911,0,0,16785928,0.0,DB,Y,0,0,20170111_GOT_SALES_NEW.CSV,DCS170112073852,PTI,NULL,DCS,3525,96,601,97,2794982,90710-2,0.0,2936891273,0.0,90,601,201701110138,NULL,4073,1,0,0,0,08364,22322,0,NULL,NULL,NULL,DCS_01659
1122535,80,2017-01-10 00:00:00.0,1,2017-01-10 06:45:00.0,13,43,1333,0,0,16778753,8.89999961853,DB,Y,0,0,20170111_GOT_SALES_NEW.CSV,DCS170112073852,PTI,NULL,DCS,1333,58,211,05,2792874,38180-2,0.0,2936403926,0.0,38,578,201701110138,NULL,43,1,0,0,0,07895,18733,0,NULL,NULL,NULL,DCS_01635
1117810,233,2017-01-10 00:00:00.0,2,2017-01-10 11:51:00.0,1,1869,4019,0,0,0,19.75,DB,Y,3955385,0,20170112_GOT_SALES_NEW.CSV,DCS170112073852,PEL,NULL,DCS,0,NULL,0,NULL,2793808,52311-2,0.0,2936514855,2.22000002861,52,945,201701110133,2017-01-11 15:02:11.0,1869,NULL,72,0,0,07907,0,0,S01CLR000502153,S01CLR000502173,SENT,DCS_01505
1117810,233,2017-01-10 00:00:00.0,3,2017-01-10 11:51:00.0,1,1869,4019,0,0,0,0.25,DB,Y,3955385,0,20170112_GOT_SALES_NEW.CSV,DCS170112073852,POF,NULL,DCS,0,NULL,0,NULL,2793808,52311-2,0.0,2936514855,2.22000002861,52,945,201701110133,2017-01-11 15:02:11.0,1869,NULL,72,0,0,07907,0,0,S01CLR000502153,S01CLR000502173,SENT,DCS_01505
1117001,97,2017-01-05 00:00:00.0,11,2017-01-05 10:21:00.0,13,805,2817,0,0,16778753,19.1000003815,DB,Y,0,0,20170111_GOT_SALES_NEW.CSV,DCS170112073852,PTI,NULL,DCS,2817,85,550,60,2790174,15460-2,0.0,2936404410,0.0,15,312,201701110339,NULL,805,1,0,0,0,07551,14802,0,NULL,NULL,NULL,DCS_02882
1117077,120,2017-01-10 00:00:00.0,8,2017-01-10 08:54:00.0,1,1507,231,0,0,0,10.0,DB,Y,4430830,0,20170112_GOT_SALES_NEW.CSV,DCS170112073852,PEL,NULL,DCS,0,NULL,0,NULL,2794751,81241-2,0.0,2936395654,0.0,81,395,201701110133,2017-01-11 15:02:11.0,1507,NULL,879,0,0,15218,0,0,S01CLR000502153,S01CLR000502173,SENT,DCS_02965
1116678,201,2017-01-09 00:00:00.0,6,2017-01-09 09:23:00.0,1,1705,2415,0,0,0,5.0,DB,Y,4749505,0,20170112_GOT_SALES_NEW.CSV,DCS170112073852,PEL,NULL,DCS,0,NULL,0,NULL,2793275,47221-2,0.0,2937371980,0.0,47,352,201701110063,2017-01-11 15:02:29.0,1705,NULL,14,0,0,08268,0,0,S01CLR000502034,S01CLR000502040,SENT,DCS_02922
1116977,9,2017-01-10 00:00:00.0,1,2017-01-10 13:50:00.0,13,3219,2910,0,0,16785928,0.0,DB,Y,0,0,20170111_GOT_SALES_NEW.CSV,DCS170112073852,PTI,NULL,DCS,359,94,601,97,2794951,90580-2,0.0,2936888670,0.0,90,295,201701110138,NULL,3219,1,0,0,0,07984,13766,0,NULL,NULL,NULL,DCS_02865
1116786,224,2017-01-09 00:00:00.0,1,2017-01-09 14:49:00.0,1,561,510,0,0,0,5.0,DB,Y,381077,0,20170112_GOT_SALES_NEW.CSV,DCS170112073852,PEL,NULL,DCS,0,NULL,0,NULL,2793420,47582-2,0.0,2937139952,0.0,47,476,201701110063,2017-01-11 15:02:29.0,561,NULL,3186,0,0,07692,0,0,S01CLR000502034,S01CLR000502040,SENT,DCS_02674
1116977,11,2017-01-10 00:00:00.0,19,2017-01-10 17:02:00.0,13,3353,2911,0,0,16785928,0.0,DB,Y,0,0,20170111_GOT_SALES_NEW.CSV,DCS170112073852,PTI,NULL,DCS,3525,96,601,97,2794972,90680-2,0.0,2936888091,0.0,90,295,201701110138,NULL,3353,1,0,0,0,07984,13826,0,NULL,NULL,NULL,DCS_02865
1117111,225,2017-01-10 00:00:00.0,8,2017-01-10 07:00:00.0,13,3475,359,0,0,16785928,0.0,DB,Y,0,0,20170111_GOT_SALES_NEW.CSV,DCS170112073852,PTI,NULL,DCS,359,94,601,97,2794884,90220-2,0.0,2936304338,0.0,90,429,201701110138,NULL,3472,1,0,0,0,08565,19933,0,NULL,NULL,NULL,DCS_02999
1122540,91,2017-01-10 00:00:00.0,3,2017-01-10 10:54:00.0,13,2821,2092,0,0,16778753,8.0,DB,Y,0,0,20170111_GOT_SALES_NEW.CSV,DCS170112073852,PTI,NULL,DCS,3527,92,2607,07,2795152,92290-2,0.0,2936598203,0.0,92,584,201701110138,NULL,2821,1,0,0,0,07970,20366,0,NULL,NULL,NULL,DCS_01640
1116965,245,2017-01-10 00:00:00.0,1,2017-01-10 12:23:00.0,13,3374,709,0,0,16778753,6.75,DB,Y,0,0,20170111_GOT_SALES_NEW.CSV,DCS170112073852,PTI,NULL,DCS,709,97,359,94,2794899,90281-2,0.0,2936518090,0.0,90,493,201701110138,NULL,3374,1,0,0,0,02518,16950,0,NULL,NULL,NULL,DCS_01153
1116880,238,2017-01-10 00:00:00.0,3,2017-01-10 08:04:00.0,1,1604,2945,0,0,0,5.0,DB,Y,4239,0,20170112_GOT_SALES_NEW.CSV,DCS170112073852,PEL,NULL,DCS,0,NULL,0,NULL,2793249,47133-2,0.0,2936395183,0.0,47,963,201701110133,2017-01-11 15:02:11.0,1604,NULL,517,0,0,15667,0,0,S01CLR000502153,S01CLR000502173,SENT,DCS_01537
1117477,168,2017-01-10 00:00:00.0,6,2017-01-10 16:02:00.0,13,2542,4026,0,0,16778753,14.0,DB,Y,0,0,20170111_GOT_SALES_NEW.CSV,DCS170112073852,PTI,NULL,DCS,2384,NULL,332,209,2791689,25610-2,0.0,2936742379,0.0,25,488,201701110138,NULL,2542,1,0,0,0,08521,19934,0,NULL,NULL,NULL,DCS_01055
1116791,253,2017-01-10 00:00:00.0,3,2017-01-10 07:21:00.0,13,600,4052,0,0,16785928,0.0,DB,Y,0,0,20170111_GOT_SALES_NEW.CSV,DCS170112073852,PTI,NULL,DCS,235,52,55,021,2794750,81211-2,0.0,2936303708,0.0,81,530,201701110138,NULL,600,1,0,0,0,08583,23527,0,NULL,NULL,NULL,DCS_01249
1117825,238,2017-01-10 00:00:00.0,2,2017-01-10 15:17:00.0,13,33,511,0,0,16782853,6.09999990463,DB,Y,0,0,20170111_GOT_SALES_NEW.CSV,DCS170112073852,PTI,NULL,DCS,511,31,341,18,2792968,40471-2,0.0,2936890061,0.0,40,477,201701110138,NULL,33,1,0,0,0,08476,6257,0,NULL,NULL,NULL,DCS_02676
1117074,52,2017-01-10 00:00:00.0,1,2017-01-10 07:16:00.0,13,230,333,0,0,16778753,10.4499998093,DB,Y,0,0,20170111_GOT_SALES_NEW.CSV,DCS170112073852,PTI,NULL,DCS,333,20,341,18,2792915,40123-2,0.0,2936404407,0.0,40,392,201701110138,NULL,230,1,0,0,0,08261,15432,0,NULL,NULL,NULL,DCS_02962
1176197,9,2017-01-10 00:00:00.0,1,2017-01-10 09:28:00.0,13,3298,2940,0,0,16785928,0.0,DB,Y,0,0,20170111_GOT_SALES_NEW.CSV,DCS170112073852,PTI,NULL,DCS,709,97,359,94,2794875,90171-2,0.0,2936892555,0.0,90,609,201701110138,NULL,3298,1,0,0,0,07344,17411,0,NULL,NULL,NULL,DCS_01726
1116977,9,2017-01-10 00:00:00.0,15,2017-01-10 14:22:00.0,13,3242,2911,0,0,16785928,0.0,DB,Y,0,0,20170111_GOT_SALES_NEW.CSV,DCS170112073852,PTI,NULL,DCS,3525,96,601,97,2794951,90580-2,0.0,2936888419,0.0,90,295,201701110138,NULL,3242,1,0,0,0,07984,13780,0,NULL,NULL,NULL,DCS_02865
1116990,143,2017-01-10 00:00:00.0,8,2017-01-10 06:57:00.0,1,3366,1192,0,0,0,4.25,DB,Y,4820311,0,20170112_GOT_SALES_NEW.CSV,DCS170112073852,PEL,NULL,DCS,0,NULL,0,NULL,2792428,33110-2,0.0,2936514249,0.0,33,596,201701110133,2017-01-11 15:02:11.0,3365,NULL,28,0,0,02269,0,0,S01CLR000502153,S01CLR000502173,SENT,DCS_01654
1117072,193,2017-01-09 00:00:00.0,3,2017-01-09 10:33:00.0,1,1358,321,0,0,0,1.32000005245,DB,Y,88321,0,20170112_GOT_SALES_NEW.CSV,DCS170112073852,PEL,NULL,DCS,0,NULL,0,NULL,2794526,71320-2,1.32000005245,2937149442,0.0,71,521,201701110063,2017-01-11 15:02:29.0,1358,NULL,249,0,0,16577,0,0,S01CLR000502034,S01CLR000502040,SENT,DCS_01253
1117660,250,2017-01-10 00:00:00.0,1,2017-01-10 07:55:00.0,1,1179,219,0,0,0,2.75,DB,Y,4820311,0,20170112_GOT_SALES_NEW.CSV,DCS170112073852,PEL,NULL,DCS,0,NULL,0,NULL,2795121,92170-2,2.75,2936512522,0.0,92,523,201701110133,2017-01-11 15:02:11.0,1179,NULL,30,0,0,07665,0,0,S01CLR000502153,S01CLR000502173,SENT,DCS_01254
1117316,83,2017-01-10 00:00:00.0,3,2017-01-10 11:03:00.0,1,1052,321,0,0,0,40.0,DB,Y,4891687,0,20170112_GOT_SALES_NEW.CSV,DCS170112073852,PEL,NULL,DCS,0,NULL,0,NULL,2794536,71340-2,0.0,2936729191,0.0,71,495,201701110133,2017-01-11 15:02:11.0,1052,NULL,47,0,0,16578,0,0,S01CLR000502153,S01CLR000502173,SENT,DCS_01155
1117152,21,2017-01-10 00:00:00.0,3,2017-01-10 13:50:00.0,1,3771,4019,0,0,0,20.0,DB,Y,3786348,0,20170112_GOT_SALES_NEW.CSV,DCS170112073852,PEL,NULL,DCS,0,NULL,0,NULL,2793187,46431-2,0.0,2937017760,0.0,46,818,201701110133,2017-01-11 15:02:11.0,3771,NULL,741,0,0,08478,0,0,S01CLR000502153,S01CLR000502173,SENT,DCS_03040
1117739,80,2017-01-10 00:00:00.0,2,2017-01-10 07:13:00.0,1,3380,342,0,0,0,20.0,DB,Y,4791748,0,20170112_GOT_SALES_NEW.CSV,DCS170112073852,PEL,NULL,DCS,0,NULL,0,NULL,2795324,93141-2,0.0,2936883121,0.0,93,919,201701110133,2017-01-11 15:02:11.0,3380,NULL,69,0,0,08720,0,0,S01CLR000502153,S01CLR000502173,SENT,DCS_01351
1117001,87,2017-01-03 00:00:00.0,2,2017-01-03 18:17:00.0,13,360,4018,0,0,16778753,9.14999961853,DB,Y,0,0,20170111_GOT_SALES_NEW.CSV,DCS170112073852,PTI,NULL,DCS,2385,18,2817,85,2790197,15641-2,0.0,2936403960,0.0,15,312,201701110324,NULL,360,1,0,0,0,16339,14737,0,NULL,NULL,NULL,DCS_02882
1116905,51,2017-01-10 00:00:00.0,7,2017-01-10 10:34:00.0,13,546,2910,0,0,16785928,0.0,DB,Y,0,0,20170111_GOT_SALES_NEW.CSV,DCS170112073852,PTI,NULL,DCS,359,94,601,97,2794920,90430-2,0.0,2936597788,0.0,90,583,201701110138,NULL,542,1,0,0,0,07571,19296,0,NULL,NULL,NULL,DCS_01646
1116907,163,2017-01-10 00:00:00.0,2,2017-01-10 13:38:00.0,13,2559,4020,0,0,16782853,3.95000004768,DB,Y,0,0,20170111_GOT_SALES_NEW.CSV,DCS170112073852,PTI,NULL,DCS,332,209,936,05,2790958,19420-2,0.0,2937089945,0.0,19,362,201701110138,NULL,2559,1,0,0,0,07971,17612,0,NULL,NULL,NULL,DCS_02932
1117030,196,2017-01-10 00:00:00.0,1,2017-01-10 15:06:00.0,13,2256,3946,0,0,16778753,6.40000009537,DB,Y,0,0,20170111_GOT_SALES_NEW.CSV,DCS170112073852,PTI,NULL,DCS,213,05,511,31,2792563,34481-2,0.0,2937091310,0.0,34,348,201701110138,NULL,2256,1,0,0,0,07819,16776,0,NULL,NULL,NULL,DCS_02918
1116846,30,2017-01-10 00:00:00.0,1,2017-01-10 07:34:00.0,1,3484,332,0,0,0,20.0,DB,Y,4181498,0,20170112_GOT_SALES_NEW.CSV,DCS170112073852,PEL,NULL,DCS,0,NULL,0,NULL,2793056,45202-2,0.0,2936587392,0.0,45,999,201701110133,2017-01-11 15:02:11.0,3484,NULL,591,0,0,08485,0,0,S01CLR000502153,S01CLR000502173,SENT,DCS_01702
1116804,71,2017-01-10 00:00:00.0,1,2017-01-10 08:31:00.0,13,1068,338,0,0,16778753,7.75,DB,Y,0,0,20170111_GOT_SALES_NEW.CSV,DCS170112073852,PTI,NULL,DCS,338,14,510,18,2793258,47165-2,0.0,2936404050,0.0,47,988,201701110138,NULL,1068,1,0,0,0,08734,9963,0,NULL,NULL,NULL,DCS_01569
1117553,237,2017-01-10 00:00:00.0,1,2017-01-10 07:46:00.0,1,1591,1202,0,0,0,10.0500001907,DB,Y,3780229,0,20170112_GOT_SALES_NEW.CSV,DCS170112073852,PEL,NULL,DCS,0,NULL,0,NULL,2792923,40180-2,0.0,2936393845,0.0,40,510,201701110133,2017-01-11 15:02:11.0,1590,NULL,1307,0,0,08450,0,0,S01CLR000502153,S01CLR000502173,SENT,DCS_01197
1116786,228,2017-01-10 00:00:00.0,1,2017-01-10 11:09:00.0,13,1020,550,0,0,16778753,7.15000009537,DB,Y,0,0,20170111_GOT_SALES_NEW.CSV,DCS170112073852,PTI,NULL,DCS,550,60,511,31,2792946,40331-2,0.0,2936517825,0.0,40,476,201701110138,NULL,1020,1,0,0,0,07643,5996,0,NULL,NULL,NULL,DCS_02674
1117477,168,2017-01-10 00:00:00.0,5,2017-01-10 16:02:00.0,13,2539,4026,0,0,16778753,14.0,DB,Y,0,0,20170111_GOT_SALES_NEW.CSV,DCS170112073852,PTI,NULL,DCS,2384,NULL,332,209,2791689,25610-2,0.0,2936739258,0.0,25,488,201701110138,NULL,2539,1,0,0,0,08521,19933,0,NULL,NULL,NULL,DCS_01055
1117056,222,2017-01-10 00:00:00.0,2,2017-01-10 06:29:00.0,1,2776,2722,0,0,0,20.0,DB,Y,4258754,0,20170112_GOT_SALES_NEW.CSV,DCS170112073852,PEL,NULL,DCS,0,NULL,0,NULL,2794293,67170-2,0.0,2936514957,0.0,67,374,201701110133,2017-01-11 15:02:11.0,2776,NULL,33,0,0,00026,0,0,S01CLR000502153,S01CLR000502173,SENT,DCS_02944
1116904,48,2017-01-10 00:00:00.0,1,2017-01-10 16:39:00.0,13,267,4018,0,0,16779778,24.2000007629,DB,Y,0,0,20170111_GOT_SALES_NEW.CSV,DCS170112073852,PTI,NULL,DCS,4018,18,252,02,2790427,16680-2,0.0,2937089261,0.0,16,707,201701110138,NULL,267,1,0,0,0,07675,3776,0,NULL,NULL,NULL,DCS_01873
1117108,254,2017-01-09 00:00:00.0,3,2017-01-09 13:13:00.0,1,1312,317,0,0,0,19.75,DB,Y,411111,0,20170112_GOT_SALES_NEW.CSV,DCS170112073852,PEL,NULL,DCS,0,NULL,0,NULL,2794577,71440-2,0.0,2937132719,2.00999999046,71,547,201701110063,2017-01-11 15:02:29.0,1312,NULL,686,0,0,08447,0,0,S01CLR000502034,S01CLR000502040,SENT,DCS_01430
1117108,254,2017-01-09 00:00:00.0,4,2017-01-09 13:13:00.0,1,1312,317,0,0,0,0.25,DB,Y,411111,0,20170112_GOT_SALES_NEW.CSV,DCS170112073852,POF,NULL,DCS,0,NULL,0,NULL,2794577,71440-2,0.0,2937132719,2.00999999046,71,547,201701110063,2017-01-11 15:02:29.0,1312,NULL,686,0,0,08447,0,0,S01CLR000502034,S01CLR000502040,SENT,DCS_01430
1116928,85,2017-01-10 00:00:00.0,5,2017-01-10 11:14:00.0,13,747,551,0,0,16778753,11.8500003815,DB,Y,0,0,20170111_GOT_SALES_NEW.CSV,DCS170112073852,PTI,NULL,DCS,551,80,169,849,2790027,12311-2,0.0,2936517713,0.0,12,203,201701110138,NULL,747,1,0,0,0,16501,7536,0,NULL,NULL,NULL,DCS_01937
1117720,233,2017-01-10 00:00:00.0,2,2017-01-10 11:16:00.0,1,1362,4019,0,0,0,6.0,DB,Y,3793596,0,20170112_GOT_SALES_NEW.CSV,DCS170112073852,PEL,NULL,DCS,0,NULL,0,NULL,2793682,51291-2,0.0,2936586256,0.0,51,925,201701110133,2017-01-11 15:02:11.0,1362,NULL,236,0,0,07331,0,0,S01CLR000502153,S01CLR000502173,SENT,DCS_01332
1176201,218,2017-01-10 00:00:00.0,5,2017-01-10 09:27:00.0,1,3033,4058,0,0,0,20.0,DB,Y,4287645,0,20170112_GOT_SALES_NEW.CSV,DCS170112073852,PEL,NULL,DCS,0,NULL,0,NULL,2792879,38360-2,0.0,2936512682,0.0,38,613,201701110133,2017-01-11 15:02:11.0,3033,NULL,422,0,0,08391,0,0,S01CLR000502153,S01CLR000502173,SENT,DCS_01730
1122493,150,2017-01-10 00:00:00.0,3,2017-01-10 16:50:00.0,1,2143,4089,0,0,0,20.0,DB,Y,4670496,0,20170112_GOT_SALES_NEW.CSV,DCS170112073852,PEL,NULL,DCS,0,NULL,0,NULL,2793747,51740-2,0.0,2936885998,0.0,51,992,201701110133,2017-01-11 15:02:11.0,2143,NULL,447,0,0,15714,0,0,S01CLR000502153,S01CLR000502173,SENT,DCS_01573
1117001,88,2017-01-03 00:00:00.0,3,2017-01-03 19:54:00.0,13,381,2817,0,0,16778753,15.1000003815,DB,Y,0,0,20170111_GOT_SALES_NEW.CSV,DCS170112073852,PTI,NULL,DCS,2817,85,32,033,2790224,15840-2,0.0,2936403402,0.0,15,312,201701110324,NULL,381,1,0,0,0,16339,14742,0,NULL,NULL,NULL,DCS_02882
1116991,53,2017-01-10 00:00:00.0,2,2017-01-10 15:42:00.0,13,2902,4063,0,0,16779778,18.1000003815,DB,Y,0,0,20170111_GOT_SALES_NEW.CSV,DCS170112073852,PTI,NULL,DCS,281,63,252,02,2794164,65550-2,0.0,2936739748,0.0,65,309,201701110138,NULL,2902,1,0,0,0,08214,19348,0,NULL,NULL,NULL,DCS_02879
1116901,230,2017-01-10 00:00:00.0,2,2017-01-10 07:01:00.0,13,331,4091,0,0,16778753,11.25,DB,Y,0,0,20170111_GOT_SALES_NEW.CSV,DCS170112073852,PTI,NULL,DCS,564,91,511,31,2795102,92092-2,0.0,2936598476,0.0,92,453,201701110138,NULL,331,1,0,0,0,08209,17852,0,NULL,NULL,NULL,DCS_01123
1116801,39,2017-01-10 00:00:00.0,3,2017-01-10 13:10:00.0,13,697,2911,0,0,16785928,0.0,DB,Y,0,0,20170111_GOT_SALES_NEW.CSV,DCS170112073852,PTI,NULL,DCS,3522,96,359,94,2794902,90301-2,0.0,2936596995,0.0,90,497,201701110138,NULL,694,1,0,0,0,08277,11895,0,NULL,NULL,NULL,DCS_01157
1122539,245,2017-01-10 00:00:00.0,4,2017-01-10 09:28:00.0,13,1046,254,0,0,16778753,7.84999990463,DB,Y,0,0,20170111_GOT_SALES_NEW.CSV,DCS170112073852,PTI,NULL,DCS,254,32,211,05,2792388,32320-2,0.0,2936404137,0.0,32,581,201701110138,NULL,1045,1,0,0,0,03832,22654,0,NULL,NULL,NULL,DCS_01639
1117087,129,2017-01-10 00:00:00.0,3,2017-01-10 09:02:00.0,1,537,550,0,0,0,19.75,DB,Y,3544214,0,20170112_GOT_SALES_NEW.CSV,DCS170112073852,PEL,NULL,DCS,0,NULL,0,NULL,2793789,52151-2,0.0,2936589042,2.95000004768,52,499,201701110133,2017-01-11 15:02:11.0,537,NULL,1011,0,0,07765,0,0,S01CLR000502153,S01CLR000502173,SENT,DCS_01159
1117087,129,2017-01-10 00:00:00.0,4,2017-01-10 09:02:00.0,1,537,550,0,0,0,0.25,DB,Y,3544214,0,20170112_GOT_SALES_NEW.CSV,DCS170112073852,POF,NULL,DCS,0,NULL,0,NULL,2793789,52151-2,0.0,2936589042,2.95000004768,52,499,201701110133,2017-01-11 15:02:11.0,537,NULL,1011,0,0,07765,0,0,S01CLR000502153,S01CLR000502173,SENT,DCS_01159
1117606,41,2017-01-10 00:00:00.0,2,2017-01-10 08:39:00.0,13,2052,2093,0,0,16778753,6.40000009537,DB,Y,0,0,20170111_GOT_SALES_NEW.CSV,DCS170112073852,PTI,NULL,DCS,3765,93,926,91,2795131,92220-2,0.0,2936517547,0.0,92,405,201701110138,NULL,2052,1,0,0,0,07593,12226,0,NULL,NULL,NULL,DCS_02975
1117111,226,2017-01-10 00:00:00.0,6,2017-01-10 08:10:00.0,13,3508,709,0,0,16785928,0.0,DB,Y,0,0,20170111_GOT_SALES_NEW.CSV,DCS170112073852,PTI,NULL,DCS,709,97,359,94,2794869,90141-2,0.0,2936303343,0.0,90,429,201701110138,NULL,3508,1,0,0,0,08565,19947,0,NULL,NULL,NULL,DCS_02999
1176197,8,2017-01-10 00:00:00.0,1,2017-01-10 08:34:00.0,13,3275,2910,0,0,16785928,0.0,DB,Y,0,0,20170111_GOT_SALES_NEW.CSV,DCS170112073852,PTI,NULL,DCS,359,94,601,97,2794908,90340-2,0.0,2936888275,0.0,90,609,201701110138,NULL,3275,1,0,0,0,07344,17401,0,NULL,NULL,NULL,DCS_01726
1116977,12,2017-01-10 00:00:00.0,7,2017-01-10 18:53:00.0,13,3388,359,0,0,16785928,0.0,DB,Y,0,0,20170111_GOT_SALES_NEW.CSV,DCS170112073852,PTI,NULL,DCS,3651,94,359,94,2794979,90691-2,0.0,2936889101,0.0,90,295,201701110138,NULL,3388,1,0,0,0,07984,13840,0,NULL,NULL,NULL,DCS_02865
1117477,165,2017-01-10 00:00:00.0,1,2017-01-10 07:20:00.0,1,2377,2959,0,0,0,19.75,DB,Y,529164,0,20170112_GOT_SALES_NEW.CSV,DCS170112073852,PEL,NULL,DCS,0,NULL,0,NULL,2791578,25111-2,0.0,2936734820,4.65000009537,25,488,201701110133,2017-01-11 15:02:11.0,2377,NULL,699,0,0,08521,0,0,S01CLR000502153,S01CLR000502173,SENT,DCS_01055
1117477,165,2017-01-10 00:00:00.0,2,2017-01-10 07:20:00.0,1,2377,2959,0,0,0,0.25,DB,Y,529164,0,20170112_GOT_SALES_NEW.CSV,DCS170112073852,POF,NULL,DCS,0,NULL,0,NULL,2791578,25111-2,0.0,2936734820,4.65000009537,25,488,201701110133,2017-01-11 15:02:11.0,2377,NULL,699,0,0,08521,0,0,S01CLR000502153,S01CLR000502173,SENT,DCS_01055
1116914,229,2017-01-10 00:00:00.0,1,2017-01-10 11:57:00.0,13,1234,213,0,0,16778753,6.40000009537,DB,Y,0,0,20170111_GOT_SALES_NEW.CSV,DCS170112073852,PTI,NULL,DCS,213,05,511,31,2792545,34361-2,0.0,2936517948,0.0,34,586,201701110138,NULL,1234,1,0,0,0,07400,17615,0,NULL,NULL,NULL,DCS_01642
1176203,201,2017-01-10 00:00:00.0,2,2017-01-10 11:32:00.0,1,3913,339,0,0,0,20.0,DB,Y,4352470,0,20170112_GOT_SALES_NEW.CSV,DCS170112073852,PEL,NULL,DCS,0,NULL,0,NULL,2790031,12341-2,0.0,2936514510,0.0,12,708,201701110133,2017-01-11 15:02:11.0,3913,NULL,568,0,0,07516,0,0,S01CLR000502153,S01CLR000502173,SENT,DCS_01874
1117049,143,2017-01-10 00:00:00.0,4,2017-01-10 16:20:00.0,13,3324,219,0,0,16782853,4.5,DB,Y,0,0,20170111_GOT_SALES_NEW.CSV,DCS170112073852,PTI,NULL,DCS,219,05,11,331,2792464,33601-2,0.0,2937022549,0.0,33,605,201701110138,NULL,3324,1,0,0,0,08322,23224,0,NULL,NULL,NULL,DCS_01663
1117150,210,2017-01-10 00:00:00.0,1,2017-01-10 11:53:00.0,1,3141,329,0,0,0,20.0,DB,Y,3871146,0,20170112_GOT_SALES_NEW.CSV,DCS170112073852,PEL,NULL,DCS,0,NULL,0,NULL,2793590,48390-2,0.0,2936591619,0.0,48,816,201701110133,2017-01-11 15:02:11.0,3141,NULL,700,0,0,07820,0,0,S01CLR000502153,S01CLR000502173,SENT,DCS_03038
1116904,47,2017-01-10 00:00:00.0,4,2017-01-10 14:08:00.0,13,173,550,0,0,16778753,7.15000009537,DB,Y,0,0,20170111_GOT_SALES_NEW.CSV,DCS170112073852,PTI,NULL,DCS,550,60,511,31,2792964,40451-2,0.0,2937090478,0.0,40,707,201701110138,NULL,173,1,0,0,0,07675,3767,0,NULL,NULL,NULL,DCS_01873
